Date,Type,Route Name,Distance (km),Duration,Average Pace,Average Speed (km/h),Calories Burned,Climb (m),Average Heart Rate (bpm),Notes,GPX File
2017-08-10 17:59:54,Running,,3.00,18:51,6:18,9.54,162.0,21,,,2017-08-10-1759.gpx
2017-08-08 18:44:31,Running,,6.94,45:23,6:32,9.17,376.0,62,,,2017-08-08-1844.gpx
2017-07-28 12:40:04,Running,,7.86,53:12,6:46,8.86,417.0,65,,,2017-07-28-1240.gpx
2017-07-24 20:24:47,Running,,6.09,45:33,7:29,8.02,318.0,69,,,2017-07-24-2024.gpx
2017-07-21 21:43:10,Running,,5.23,32:13,6:10,9.73,289.0,71,,,2017-07-21-2143.gpx
2017-07-20 19:40:28,Running,,2.07,12:15,5:55,10.14,112.0,14,,,2017-07-20-1940.gpx
2017-07-19 20:16:12,Running,,4.93,30:29,6:11,9.70,267.0,41,,,2017-07-19-2016.gpx
2017-07-17 19:36:04,Cycling,,7.80,48:57,6:17,9.55,197.0,85,,,2017-07-17-1936.gpx
2017-07-17 19:18:28,Running,,2.18,16:40,7:39,7.85,133.0,110,,"",2017-07-17-1918.gpx
2017-07-12 19:01:00,Running,,3.02,18:25,6:06,9.84,160.0,4,,,2017-07-12-1901.gpx
2017-07-06 20:36:57,Running,,2.11,14:03,6:40,9.00,116.0,15,,"",2017-07-06-2036.gpx
2017-07-03 20:54:18,Running,,3.02,20:07,6:39,9.02,165.0,21,,,2017-07-03-2054.gpx
2017-06-29 19:57:35,Running,,5.83,35:19,6:03,9.90,322.0,45,,,2017-06-29-1957.gpx
2017-06-28 19:39:43,Running,,5.70,36:44,6:27,9.31,316.0,51,,,2017-06-28-1939.gpx
2017-06-26 20:48:04,Running,,4.96,33:25,6:45,8.90,276.0,51,,,2017-06-26-2048.gpx
2017-06-20 21:30:15,Running,,3.05,18:30,6:03,9.91,174.0,52,,,2017-06-20-2130.gpx
2017-06-19 21:59:46,Running,,5.20,31:22,6:02,9.94,286.0,70,,,2017-06-19-2159.gpx
2017-06-16 19:43:58,Running,,5.26,34:49,6:37,9.06,288.0,32,150,,2017-06-16-1943.gpx
2017-06-15 18:08:54,Running,,4.17,24:36,5:54,10.17,200.0,21,,,2017-06-15-1808.gpx
2017-06-14 18:05:11,Running,,3.88,22:43,5:51,10.26,207.0,30,,,2017-06-14-1805.gpx
2017-06-08 17:06:01,Running,,2.39,12:47,5:21,11.20,131.0,19,,,2017-06-08-1706.gpx
2017-06-07 20:14:46,Running,,1.71,8:52,5:12,11.54,85.0,11,,,2017-06-07-2014.gpx
2017-06-06 20:23:58,Running,,4.86,30:12,6:13,9.65,264.0,36,,,2017-06-06-2023.gpx
2017-06-05 19:25:27,Running,,8.57,1:00:44,7:05,8.47,468.0,95,,,2017-06-05-1925.gpx
2017-06-02 19:28:16,Running,,2.30,9:23,4:05,14.72,122.0,2,,,2017-06-02-1928.gpx
2017-06-01 20:04:33,Running,,3.63,24:44,6:49,8.80,200.0,36,,,2017-06-01-2004.gpx
2017-05-31 16:52:20,Running,,8.83,1:02:00,7:01,8.54,483.0,74,147,,2017-05-31-1652.gpx
2017-05-30 13:08:28,Running,,4.94,32:18,6:32,9.18,271.0,38,,,2017-05-30-1308.gpx
2017-05-29 18:51:10,Running,,6.23,40:33,6:30,9.22,349.0,68,,,2017-05-29-1851.gpx
2017-05-28 19:32:50,Walking,,0.80,15:17,19:00,3.16,33.0,9,,,2017-05-28-1932.gpx
2017-05-27 14:00:00,Cycling,,26.80,1:52:00,4:11,14.36,408.0,0,,,
2017-05-25 15:16:00,Cycling,,36.30,2:13:00,3:40,16.38,739.0,0,,,
2017-05-23 15:57:50,Running,,4.37,30:04,6:53,8.72,243.0,33,,,2017-05-23-1557.gpx
2017-05-22 19:39:21,Running,,3.03,18:07,5:58,10.05,168.0,24,,,2017-05-22-1939.gpx
2017-05-21 17:16:00,Cycling,,38.10,1:54:57,3:01,19.89,600.0,0,,,
2017-05-19 17:45:19,Running,,4.45,24:56,5:36,10.70,213.0,46,,,2017-05-19-1745.gpx
2017-05-14 20:59:12,Cycling,,26.00,1:28:00,3:23,17.73,535.0,0,,,
2017-05-12 19:37:00,Running,,2.05,12:26,6:04,9.90,107.0,3,,,2017-05-12-1937.gpx
2017-04-30 11:36:57,Running,,10.65,1:00:44,5:42,10.52,574.0,0,,"Meia maratona de revezamento",
2017-04-25 18:58:24,Running,,4.89,28:29,5:49,10.31,256.0,16,,,2017-04-25-1858.gpx
2017-04-21 17:54:01,Running,,1.62,15:00,9:16,6.47,70.0,32,,,2017-04-21-1754.gpx
2017-04-21 10:00:00,Walking,,3.91,1:00:00,15:21,3.91,153.0,38,,,2017-04-21-1000.gpx
2017-04-21 07:00:00,Running,,4.10,24:00,5:51,10.26,220.0,35,,,2017-04-21-0700.gpx
2017-04-20 16:35:00,Running,,0.25,18:00,72:00,0.83,24.0,0,,,
2017-04-20 10:32:00,Running,,3.93,1:00:00,15:17,3.93,154.0,38,,,2017-04-20-1032.gpx
2017-04-16 19:29:05,Running,,3.62,20:52,5:46,10.42,188.0,7,,,2017-04-16-1929.gpx
2017-04-14 19:08:00,Running,,0.85,4:32,5:19,11.27,43.0,0,,,2017-04-14-1908.gpx
2017-04-13 20:51:00,Running,,3.13,18:00,5:45,10.43,163.0,9,,,2017-04-13-2051.gpx
2017-04-12 19:02:57,Running,"Zenith 2K",1.70,8:31,5:01,11.95,87.0,2,,,2017-04-12-1902.gpx
2017-04-12 18:30:00,Running,,1.70,9:47,5:45,10.43,88.0,2,,,2017-04-12-1830.gpx
2017-04-12 12:45:14,Running,,1.83,10:30,5:45,10.43,95.0,2,,,2017-04-12-1245.gpx
2017-04-11 19:25:46,Running,,3.47,18:20,5:17,11.35,185.0,40,,,2017-04-11-1925.gpx
2017-04-10 19:14:00,Running,"Zenith 5K",5.49,33:37,6:08,9.79,281.0,9,,,2017-04-10-1914.gpx
2017-04-08 17:24:20,Running,"Zenith 2K",2.67,13:54,5:12,11.54,136.0,7,,,2017-04-08-1724.gpx
2017-04-07 19:09:02,Running,"Zenith 2K",3.97,21:30,5:25,11.07,190.0,8,,,2017-04-07-1909.gpx
2017-04-06 16:28:00,Running,,2.14,11:32,5:23,11.14,103.0,4,,,2017-04-06-1628.gpx
2017-04-06 15:32:00,Running,"Zenith 2K",2.15,13:00,6:03,9.91,103.0,4,,,2017-04-06-1532.gpx
2017-04-06 15:08:44,Cycling,,16.96,1:10:03,4:08,14.53,333.0,164,,,2017-04-06-1508.gpx
2017-04-04 18:13:00,Cycling,,20.00,1:10:00,3:30,17.14,403.0,0,,,
2017-04-04 17:11:00,Running,,2.14,12:36,5:53,10.19,99.0,4,,,2017-04-04-1711.gpx
2017-04-03 16:02:00,Running,"Toulouse - St Cyprien",5.79,35:26,6:07,9.80,310.0,41,,,2017-04-03-1602.gpx
2017-03-23 18:39:48,Running,,4.08,26:24,6:28,9.28,215.0,44,,,2017-03-23-1839.gpx
2017-03-22 17:33:06,Running,,2.19,11:43,5:21,11.20,121.0,38,,,2017-03-22-1733.gpx
2017-03-22 17:02:25,Running,,2.84,15:14,5:22,11.18,157.0,52,,,2017-03-22-1702.gpx
2017-03-17 16:54:00,Cycling,,41.00,2:30:00,3:40,16.40,804.0,0,,,
2017-03-12 09:30:00,Running,,21.00,2:13:19,6:21,9.45,1148.0,0,,,
2017-03-09 17:57:55,Running,,5.60,35:21,6:19,9.50,289.0,57,,,2017-03-09-1757.gpx
2017-02-26 09:40:00,Running,,5.00,28:49,5:46,10.41,270.0,0,,,
2017-02-24 17:39:07,Running,,2.07,14:09,6:50,8.79,111.0,26,,,2017-02-24-1739.gpx
2017-02-21 18:23:38,Walking,,1.14,8:18,7:17,8.25,59.0,13,,,2017-02-21-1823.gpx
2017-02-21 17:51:31,Running,,3.59,18:48,5:14,11.45,184.0,39,,,2017-02-21-1751.gpx
2017-02-18 18:01:43,Running,,1.96,12:59,6:38,9.04,81.0,9,,,2017-02-18-1801.gpx
2017-02-16 18:03:57,Running,,4.72,31:47,6:44,8.92,237.0,34,,,2017-02-16-1803.gpx
2017-02-14 18:50:13,Running,,5.12,28:26,5:33,10.81,211.0,17,,,2017-02-14-1850.gpx
2017-02-10 18:19:55,Running,,5.03,29:53,5:56,10.10,245.0,52,,,2017-02-10-1819.gpx
2017-02-08 17:14:01,Running,,0.71,4:21,6:05,9.86,37.0,7,,,2017-02-08-1714.gpx
2017-02-08 16:42:03,Running,,4.40,28:24,6:27,9.29,202.0,43,,,2017-02-08-1642.gpx
2017-02-06 17:39:54,Running,,3.38,20:47,6:09,9.76,162.0,20,,,2017-02-06-1739.gpx
2017-02-03 15:48:46,Running,,1.34,8:46,6:31,9.20,80.0,36,,,2017-02-03-1548.gpx
2017-01-31 14:12:34,Running,,1.73,10:29,6:04,9.88,95.0,33,,,2017-01-31-1412.gpx
2017-01-31 13:55:57,Running,,1.00,5:29,5:29,10.96,61.0,40,,,2017-01-31-1355.gpx
2017-01-31 13:36:32,Running,,2.60,16:34,6:23,9.41,140.0,39,,,2017-01-31-1336.gpx
2017-01-30 15:39:20,Strength Training,,0.00,30:00,,,125.0,0,,,
2017-01-30 15:37:00,Running,,0.46,2:03,4:25,13.57,24.0,0,,,2017-01-30-1537.gpx
2017-01-26 16:31:28,Running,,3.36,20:57,6:14,9.62,180.0,41,,,2017-01-26-1631.gpx
2017-01-26 16:17:36,Running,,1.37,7:42,5:38,10.64,77.0,26,,,2017-01-26-1617.gpx
2017-01-26 15:54:42,Running,,2.59,17:14,6:40,9.01,125.0,23,,,2017-01-26-1554.gpx
2017-01-25 17:12:57,Running,,1.94,14:18,7:22,8.15,105.0,39,,,2017-01-25-1712.gpx
2017-01-20 13:50:55,Running,,6.53,39:23,6:02,9.95,342.0,54,,,2017-01-20-1350.gpx
2017-01-17 16:41:49,Running,,5.18,32:18,6:14,9.62,194.0,0,,,2017-01-17-1641.gpx
2017-01-13 17:28:00,Running,,7.92,50:22,6:21,9.44,427.0,58,,,2017-01-13-1728.gpx
2017-01-11 18:12:00,Strength Training,,0.00,28:00,,,117.0,0,,,
2017-01-05 16:03:57,Running,,7.61,58:56,7:44,7.75,359.0,60,,,2017-01-05-1603.gpx
2017-01-03 19:41:20,Running,,5.08,33:53,6:40,8.99,258.0,52,,,2017-01-03-1941.gpx
2017-01-03 01:09:00,Strength Training,,0.00,15:00,,,62.0,0,,,
2016-12-02 12:12:16,Running,,4.70,38:36,8:12,7.31,231.0,52,,,2016-12-02-1212.gpx
2016-10-29 17:50:00,Running,,21.10,2:30:14,7:07,8.43,1186.0,0,,"BZM. My first half.",
2016-10-03 10:45:43,Running,,4.94,34:39,7:01,8.56,266.0,71,,,2016-10-03-1045.gpx
2016-09-28 07:40:00,Running,,1.92,13:45,7:10,8.37,107.0,16,,,2016-09-28-0740.gpx
2016-09-27 20:33:34,Running,,4.50,30:23,6:46,8.88,225.0,36,,,2016-09-27-2033.gpx
2016-09-15 20:12:18,Running,,6.29,39:24,6:16,9.57,335.0,108,,,2016-09-15-2012.gpx
2016-09-07 19:24:16,Running,,5.08,30:50,6:04,9.88,273.0,42,,,2016-09-07-1924.gpx
2016-08-23 19:56:00,Running,,1.78,10:54,6:08,9.79,94.0,6,,,2016-08-23-1956.gpx
2016-08-18 09:05:00,Running,,1.82,10:32,5:47,10.38,96.0,7,,,2016-08-18-0905.gpx
2016-08-12 18:17:00,Running,,3.28,20:31,6:15,9.60,164.0,36,,,2016-08-12-1817.gpx
2016-08-08 17:59:20,Running,,5.31,33:58,6:24,9.38,279.0,73,,,2016-08-08-1759.gpx
2016-08-01 18:44:00,Running,,4.90,32:30,6:38,9.05,265.0,77,,,2016-08-01-1844.gpx
2016-07-24 12:12:00,Cycling,,59.00,2:45:00,2:48,21.45,1335.0,0,,,
2016-07-01 17:36:47,Running,,3.29,21:20,6:29,9.25,176.0,15,,,2016-07-01-1736.gpx
2016-06-26 10:30:32,Running,,10.56,1:02:49,5:57,10.08,564.0,113,,,2016-06-26-1030.gpx
2016-06-24 19:40:31,Running,,6.52,39:45,6:06,9.84,354.0,113,,,2016-06-24-1940.gpx
2016-06-24 19:25:02,Running,,1.40,10:47,7:42,7.79,67.0,1,,,2016-06-24-1925.gpx
2016-06-22 09:11:20,Running,,2.25,14:32,6:27,9.30,117.0,21,,,2016-06-22-0911.gpx
2016-06-19 12:31:46,Running,,2.23,38:10,17:09,3.50,73.0,31,,,2016-06-19-1231.gpx
2016-06-17 16:44:00,Running,,3.70,20:01,5:25,11.08,176.0,28,,,2016-06-17-1644.gpx
2016-06-13 16:43:00,Running,,2.17,11:54,5:29,10.94,111.0,1,,,2016-06-13-1643.gpx
2016-06-12 22:09:00,Running,,5.00,27:18,5:28,10.99,268.0,0,,,
2016-06-06 16:27:00,Running,,2.68,15:17,5:43,10.51,141.0,14,,,2016-06-06-1627.gpx
2016-06-03 17:36:00,Running,"Isar - Au",5.57,30:15,5:26,11.04,238.0,44,,,2016-06-03-1736.gpx
2016-05-26 13:11:00,Cycling,,78.37,4:30:00,3:27,17.41,1289.0,671,,,2016-05-26-1311.gpx
2016-05-25 19:29:48,Running,,5.57,31:36,5:41,10.57,238.0,44,,,2016-05-25-1929.gpx
2016-05-20 20:16:42,Running,,4.59,26:47,5:50,10.28,227.0,72,,,2016-05-20-2016.gpx
2016-05-18 20:19:33,Running,,3.50,22:38,6:28,9.28,179.0,47,,,2016-05-18-2019.gpx
2016-05-10 19:40:47,Running,,4.42,25:03,5:40,10.59,215.0,53,,,2016-05-10-1940.gpx
2016-05-08 10:16:00,Cycling,,42.70,3:00:00,4:13,14.23,624.0,345,,,2016-05-08-1016.gpx
2016-05-07 20:58:12,Running,,3.09,17:50,5:47,10.39,164.0,21,,,2016-05-07-2058.gpx
2016-05-05 16:10:00,Cycling,,27.34,3:00:00,6:35,9.11,616.0,142,,,2016-05-05-1610.gpx
2016-04-30 20:47:05,Walking,,2.53,31:22,12:23,4.84,102.0,34,,,2016-04-30-2047.gpx
2016-04-30 19:33:47,Running,,10.16,1:08:07,6:42,8.95,469.0,109,,,2016-04-30-1933.gpx
2016-04-25 15:50:22,Running,,7.77,47:39,6:08,9.79,367.0,99,,,2016-04-25-1550.gpx
2016-04-09 19:30:00,Running,,8.00,59:00,7:23,8.14,426.0,0,,,
2016-04-03 16:10:10,Running,,5.99,44:19,7:24,8.12,313.0,70,,,2016-04-03-1610.gpx
2016-03-04 19:43:17,Running,,5.37,37:02,6:54,8.70,269.0,75,,,2016-03-04-1943.gpx
2016-02-12 17:13:27,Running,,5.45,35:39,6:32,9.18,273.0,76,,,2016-02-12-1713.gpx
2016-02-09 20:01:43,Running,,3.69,23:35,6:23,9.40,172.0,45,,,2016-02-09-2001.gpx
2016-02-02 19:18:43,Running,,3.73,25:11,6:45,8.89,190.0,50,,,2016-02-02-1918.gpx
2016-01-25 16:45:49,Running,,1.68,13:56,8:17,7.25,84.0,24,,,2016-01-25-1645.gpx
2016-01-06 21:14:55,Running,,5.27,35:38,6:46,8.87,267.0,85,,,2016-01-06-2114.gpx
2016-01-05 21:48:51,Running,,8.05,56:14,6:59,8.59,417.0,127,,,2016-01-05-2148.gpx
2016-01-01 15:50:14,Running,,5.69,37:34,6:36,9.08,303.0,94,,,2016-01-01-1550.gpx
2015-12-31 13:25:22,Cycling,,13.54,44:55,3:19,18.09,248.0,170,,,2015-12-31-1325.gpx
2015-12-28 17:38:43,Running,,3.71,24:37,6:38,9.04,193.0,45,,,2015-12-28-1738.gpx
2015-12-26 16:30:00,Stairmaster / Stepwell,,0.00,5:00,,,38.0,0,,,
2015-12-26 16:15:00,Cycling,,10.00,40:00,4:00,15.00,140.0,0,,,
2015-12-25 17:38:00,Strength Training,,0.00,15:00,,,48.0,0,,,
2015-12-01 20:23:01,Running,,3.35,25:16,7:32,7.96,165.0,53,,,2015-12-01-2023.gpx
2015-11-10 20:02:58,Running,,3.98,25:51,6:30,9.23,196.0,41,,,2015-11-10-2002.gpx
2015-11-03 21:09:47,Running,,1.23,6:25,5:14,11.48,63.0,13,,,2015-11-03-2109.gpx
2015-11-03 20:54:55,Running,,1.80,9:15,5:09,11.65,94.0,23,,,2015-11-03-2054.gpx
2015-11-03 20:44:23,Running,,1.26,9:56,7:54,7.59,60.0,10,,,2015-11-03-2044.gpx
2015-10-27 18:45:19,Running,,2.03,9:34,4:43,12.74,101.0,21,,,2015-10-27-1845.gpx
2015-10-27 18:32:12,Running,,1.82,9:49,5:24,11.12,98.0,30,,,2015-10-27-1832.gpx
2015-10-22 22:07:44,Running,,4.86,34:15,7:03,8.52,253.0,71,,,2015-10-22-2207.gpx
2015-10-20 20:54:51,Cycling,,15.20,55:23,3:39,16.47,279.0,222,148,,2015-10-20-2054.gpx
2015-10-19 18:49:47,Running,,8.91,1:04:01,7:11,8.35,449.0,125,,,2015-10-19-1849.gpx
2015-10-16 21:30:00,Swimming,,0.40,1:28:00,220:00,0.27,293.0,0,,,
2015-10-15 19:43:49,Cycling,,10.77,38:45,3:36,16.68,214.0,134,,,2015-10-15-1943.gpx
2015-10-13 20:12:00,Running,,4.47,44:59,10:04,5.96,169.0,0,157,,
2015-10-13 19:23:15,Running,,2.96,15:06,5:07,11.74,154.0,34,,,2015-10-13-1923.gpx
2015-10-11 17:23:32,Cycling,,11.62,41:33,3:34,16.78,215.0,128,,,2015-10-11-1723.gpx
2015-10-11 14:25:17,Cycling,,11.23,43:05,3:50,15.64,210.0,79,,,2015-10-11-1425.gpx
2015-10-09 11:15:00,Swimming,,0.15,1:53:00,753:20,0.08,377.0,0,,,
2015-10-08 20:51:44,Cycling,,11.16,38:06,3:25,17.58,213.0,143,,,2015-10-08-2051.gpx
2015-10-06 18:03:52,Running,,6.60,46:42,7:04,8.48,347.0,104,,,2015-10-06-1803.gpx
2015-09-27 10:47:57,Running,,16.34,1:49:49,6:43,8.93,890.0,326,,,2015-09-27-1047.gpx
2015-09-22 18:40:00,Running,"Rosenheimer",3.78,28:21,7:30,7.99,155.0,37,,,2015-09-22-1840.gpx
2015-09-12 13:30:00,Strength Training,,0.00,1:30:00,,,375.0,0,,,
2015-09-08 15:22:10,Cycling,,25.50,1:50:24,4:20,13.86,517.0,163,,,2015-09-08-1522.gpx
2015-09-08 10:47:16,Cycling,,12.11,1:04:54,5:22,11.20,273.0,68,,,2015-09-08-1047.gpx
2015-08-31 15:50:15,Running,,9.19,58:26,6:21,9.44,425.0,122,,"I am back!",2015-08-31-1550.gpx
2015-08-26 21:12:00,Strength Training,,0.00,1:34:00,,,392.0,0,,,
2015-08-24 21:13:46,Running,,4.47,33:49,7:34,7.92,223.0,56,,"So much rain!",2015-08-24-2113.gpx
2015-08-21 22:52:34,Cycling,,8.77,50:37,5:46,10.39,238.0,357,,,2015-08-21-2252.gpx
2015-08-11 22:10:55,Running,,4.63,30:00,6:29,9.25,265.0,164,,,2015-08-11-2210.gpx
2015-08-09 13:09:53,Cycling,,42.14,5:19:40,7:35,7.91,1823.0,1684,,,2015-08-09-1309.gpx
2015-08-08 20:05:19,Cycling,,7.78,1:17:07,9:55,6.05,284.0,79,,,2015-08-08-2005.gpx
2015-08-03 22:32:43,Running,,11.91,1:26:30,7:16,8.26,618.0,191,,,2015-08-03-2232.gpx
2015-07-20 21:07:00,Running,,4.64,34:11,7:22,8.14,245.0,18,,,2015-07-20-2107.gpx
2015-07-13 23:08:00,Running,,10.15,1:13:31,7:15,8.28,546.0,12,,,2015-07-13-2308.gpx
2015-07-08 17:20:00,Running,,9.33,1:01:05,6:33,9.17,503.0,13,,,2015-07-08-1720.gpx
2015-07-04 18:14:29,Cycling,,21.63,1:20:36,3:44,16.10,552.0,650,,,2015-07-04-1814.gpx
2015-06-27 22:55:33,Running,,6.69,47:52,7:09,8.39,352.0,89,,,2015-06-27-2255.gpx
2015-06-25 21:22:41,Running,,5.71,38:21,6:43,8.93,306.0,88,,,2015-06-25-2122.gpx
2015-06-06 17:28:47,Running,,2.13,14:52,6:59,8.59,108.0,20,,,2015-06-06-1728.gpx
2015-06-04 17:15:48,Running,,6.00,40:51,6:49,8.81,296.0,77,,,2015-06-04-1715.gpx
2015-06-03 16:10:33,Running,,3.70,23:08,6:15,9.59,203.0,57,,,2015-06-03-1610.gpx
2015-05-31 11:51:54,Rowing,,19.06,2:29:49,7:52,7.63,840.0,474,,,2015-05-31-1151.gpx
2015-05-25 17:00:37,Cycling,,22.08,1:56:38,5:17,11.36,431.0,398,,,2015-05-25-1700.gpx
2015-05-20 16:08:54,Running,,2.35,15:17,6:31,9.21,122.0,24,,,2015-05-20-1608.gpx
2015-05-18 21:00:20,Skating,,13.72,1:25:33,6:14,9.62,314.0,148,,,2015-05-18-2100.gpx
2015-05-13 10:12:16,Running,,9.87,1:11:35,7:15,8.27,461.0,124,,,2015-05-13-1012.gpx
2015-05-08 18:59:24,Running,,5.41,36:45,6:48,8.83,293.0,75,,,2015-05-08-1859.gpx
2015-05-06 09:40:29,Cycling,,20.96,1:30:00,4:18,13.97,315.0,125,,,2015-05-06-0940.gpx
2015-05-02 17:17:01,Cycling,,12.74,53:17,4:11,14.35,189.0,116,,,2015-05-02-1717.gpx
2015-05-02 12:18:00,Cycling,,8.65,1:05:19,7:33,7.95,280.0,102,,,2015-05-02-1218.gpx
2015-04-29 18:27:00,Running,,6.27,47:06,7:31,7.98,317.0,9,,,2015-04-29-1827.gpx
2015-04-25 08:32:00,Running,,7.36,50:52,6:54,8.69,383.0,44,,,2015-04-25-0832.gpx
2015-04-23 18:15:00,Running,,4.21,28:47,6:50,8.79,229.0,3,,,2015-04-23-1815.gpx
2015-04-20 18:31:00,Running,,3.76,29:31,7:51,7.65,183.0,15,,,2015-04-20-1831.gpx
2015-04-12 08:50:00,Running,,5.40,34:49,6:27,9.31,302.0,0,,"Cross run Taubate",
2015-04-04 18:30:00,Running,,8.00,54:52,6:52,8.75,454.0,0,,"Corrida de Aleluia em São Roque. O GPS falhou, mas o tempo foi esse ai...",
2015-04-01 16:20:00,Running,,4.52,38:00,8:25,7.13,199.0,3,,,2015-04-01-1620.gpx
2015-03-24 15:04:00,Cycling,,0.00,45:04,,,0.0,0,,,
2015-03-18 20:00:00,Cycling,,0.00,28:36,,,0.0,0,,,
2015-03-15 09:00:00,Running,,5.02,28:47,5:44,10.46,276.0,0,,"Corrida em Limeira, terceira da categoria!",
2015-03-09 21:58:00,Running,,4.00,24:37,6:09,9.75,224.0,0,,,
2015-03-06 20:10:00,Cycling,,0.00,39:07,,,0.0,0,,,
2015-03-05 20:48:00,Elliptical,,2.00,21:35,10:47,5.56,72.0,0,,,
2015-03-04 20:30:00,Running,,7.00,42:20,6:03,9.92,387.0,0,,,
2015-03-04 18:01:55,Running,,1.75,10:07,5:46,10.40,97.0,26,,,2015-03-04-1801.gpx
2015-03-02 21:32:20,Running,,3.91,26:54,6:53,8.72,215.0,56,,,2015-03-02-2132.gpx
2015-02-27 22:40:00,Running,,5.01,30:12,6:02,9.96,267.0,10,,,2015-02-27-2240.gpx
2015-02-26 09:30:36,Running,,8.12,1:03:51,7:52,7.63,422.0,87,,,2015-02-26-0930.gpx
2015-02-23 21:40:00,Running,,4.95,37:12,7:31,7.99,252.0,11,101,,2015-02-23-2140.gpx
2015-02-22 17:09:58,Running,,6.52,45:14,6:56,8.65,360.0,77,,,2015-02-22-1709.gpx
2015-02-21 08:26:38,Running,,4.89,31:19,6:24,9.37,251.0,3,,,2015-02-21-0826.gpx
2015-02-18 13:03:50,Running,,1.62,14:07,8:43,6.88,84.0,32,,,2015-02-18-1303.gpx
2015-02-10 21:46:28,Running,,5.50,35:53,6:31,9.20,308.0,83,,,2015-02-10-2146.gpx
2015-02-08 07:39:00,Running,,6.11,31:06,5:05,11.79,340.0,80,,,2015-02-08-0739.gpx
2015-02-05 21:45:00,Running,,4.56,30:00,6:34,9.13,246.0,5,,,2015-02-05-2145.gpx
2015-01-30 23:47:00,Running,,9.37,1:02:10,6:38,9.04,506.0,11,,,2015-01-30-2347.gpx
2015-01-19 20:25:01,Running,,2.74,20:05,7:20,8.18,145.198942018353,48,,,2015-01-19-2025.gpx
2015-01-15 20:37:49,Running,,2.22,16:13,7:18,8.21,118.376045691877,42,,,2015-01-15-2037.gpx
2015-01-05 19:32:38,Running,,3.23,23:51,7:23,8.12,166.206652385273,71,,,2015-01-05-1932.gpx
2015-01-05 19:03:40,Running,,1.74,21:28,12:18,4.88,72.1679285790716,32,,,2015-01-05-1903.gpx
2015-01-03 20:00:00,Running,,2.41,27:48,11:33,5.20,88.0,24,,,2015-01-03-2000.gpx
2014-12-31 09:20:00,Running,,15.76,2:05:07,7:56,7.56,759.0,80,,,2014-12-31-0920.gpx
2014-12-22 09:00:00,Rowing,,8.55,3:00,0:21,170.93,31.0,2,,,2014-12-22-0900.gpx
2014-12-09 17:43:43,Running,,3.17,24:01,7:35,7.91,163.354707639836,90,,,2014-12-09-1743.gpx
2014-12-02 22:00:00,Running,,3.00,30:04,10:01,5.99,116.0,0,,,
2014-11-06 19:15:21,Running,,4.34,31:40,7:18,8.21,221.967185999073,61,,,2014-11-06-1915.gpx
2014-10-28 17:48:55,Running,,4.66,32:55,7:03,8.50,235.24922400933,62,,,2014-10-28-1748.gpx
2014-10-18 11:24:17,Downhill Skiing,,18.11,4:15:36,14:07,4.25,427.889999999994,1603,,,2014-10-18-1124.gpx
2014-10-15 18:57:31,Running,,2.88,23:26,8:09,7.36,147.061512165569,39,,,2014-10-15-1857.gpx
2014-10-09 19:19:14,Cycling,,9.48,52:29,5:32,10.83,241.262538021159,112,,,2014-10-09-1919.gpx
2014-10-06 11:48:24,Running,,4.88,47:50,9:48,6.12,233.310852594025,61,,,2014-10-06-1148.gpx
2014-10-05 12:16:40,Running,,3.59,41:47,11:38,5.16,151.0,59,,,2014-10-05-1216.gpx
2014-10-05 12:02:06,Cycling,,1.35,10:06,7:30,8.00,39.0,5,,,2014-10-05-1202.gpx
2014-09-20 09:00:00,Running,,4.72,28:31,6:03,9.93,256.0,29,,,2014-09-20-0900.gpx
2014-09-15 19:27:00,Running,,2.85,13:30,4:44,12.67,153.0,3,,,2014-09-15-1927.gpx
2014-09-14 17:23:00,Walking,,4.00,45:00,11:15,5.33,145.0,0,,,
2014-09-12 20:08:00,Running,,8.45,1:02:00,7:20,8.18,464.0,0,,,
2014-09-11 19:20:00,Running,"Bayview",5.17,30:05,5:49,10.31,277.0,23,,,2014-09-11-1920.gpx
2014-09-08 19:18:00,Running,,5.17,31:16,6:03,9.92,278.0,23,,,2014-09-08-1918.gpx
2014-09-07 23:00:00,Running,,1.62,18:00,11:05,5.42,56.0,2,,,2014-09-07-2300.gpx
2014-09-07 22:15:00,Running,,5.22,33:58,6:30,9.22,285.0,24,,,2014-09-07-2215.gpx
2014-09-04 17:09:00,Running,,2.10,15:00,7:09,8.40,121.0,0,,,
2014-09-03 18:50:00,Running,,2.97,18:49,6:20,9.48,158.0,1,,,2014-09-03-1850.gpx
2014-08-31 19:31:23,Running,,3.52,29:39,8:25,7.13,159.0,23,,,2014-08-31-1931.gpx
2014-08-31 19:26:51,Running,,1.10,5:34,5:04,11.83,60.0,10,,,2014-08-31-1926.gpx
2014-08-30 13:19:00,Running,,6.59,57:00,8:39,6.93,281.0,1,,,2014-08-30-1319.gpx
2014-08-29 19:28:00,Running,,8.23,1:04:00,7:47,7.72,403.0,26,,,2014-08-29-1928.gpx
2014-08-27 18:10:00,Strength Training,,0.00,30:00,,,128.0,0,,,
2014-08-27 18:00:00,Spinning,,0.00,10:00,,,72.0,0,,,
2014-08-26 19:20:00,Running,,6.75,52:00,7:42,7.79,333.0,13,,,2014-08-26-1920.gpx
2014-08-25 18:21:00,Running,,3.50,20:33,5:53,10.20,188.0,17,,,2014-08-25-1821.gpx
2014-08-23 11:00:00,Running,,4.86,40:00,8:14,7.29,217.0,0,,,2014-08-23-1100.gpx
2014-08-19 18:16:00,Running,,5.40,46:40,8:39,6.94,332.0,0,153,,
2014-08-16 20:38:00,Running,,6.40,1:10:00,10:56,5.49,232.0,0,,,
2014-08-16 08:00:20,Running,,2.05,22:41,11:04,5.42,116.0,63,,,2014-08-16-0800.gpx
2014-08-16 07:07:46,Running,,5.68,44:51,7:53,7.60,306.0,100,,,2014-08-16-0707.gpx
2014-08-10 11:35:00,Running,,9.33,1:18:00,8:22,7.18,419.0,35,,"Too hot :(",2014-08-10-1135.gpx
2014-08-06 20:09:22,Strength Training,,0.00,30:00,,,128.0,0,,,
2014-08-06 18:00:00,Running,,2.00,15:00,7:30,8.00,108.0,0,,,
2014-08-04 19:35:48,Running,,1.69,11:29,6:48,8.81,90.0,20,,,2014-08-04-1935.gpx
2014-08-04 18:30:00,Running,,9.25,1:10:00,7:34,7.93,464.0,13,,,2014-08-04-1830.gpx
2014-08-03 15:30:00,Running,,1.88,30:00,16:00,3.75,72.0,1,,,2014-08-03-1530.gpx
2014-08-02 11:58:32,Running,,3.02,24:48,8:12,7.31,156.0,35,,,2014-08-02-1158.gpx
2014-08-02 10:45:02,Running,,5.33,41:51,7:51,7.64,288.0,69,,,2014-08-02-1045.gpx
2014-07-09 13:05:00,Running,,6.30,52:00,8:15,7.27,287.0,23,,,2014-07-09-1305.gpx
2014-07-05 08:30:00,Running,,11.51,1:30:00,7:49,7.68,555.0,10,,,2014-07-05-0830.gpx
2014-06-30 23:07:24,Running,,2.36,19:26,8:14,7.28,102.0,30,,,2014-06-30-2307.gpx
2014-06-30 21:46:27,Running,,8.99,1:14:02,8:14,7.28,509.0,328,,,2014-06-30-2146.gpx
2014-06-28 13:15:00,Running,,4.22,22:00,5:13,11.50,219.0,0,,,2014-06-28-1315.gpx
2014-06-23 14:37:47,Running,,12.68,1:31:32,7:13,8.31,709.0,157,,,2014-06-23-1437.gpx
2014-06-19 20:22:00,Running,,12.08,1:17:00,6:22,9.41,646.0,14,,,2014-06-19-2022.gpx
2014-06-16 18:55:00,Running,,4.47,57:49,12:56,4.64,281.0,81,,,2014-06-16-1855.gpx
2014-06-16 18:29:40,Running,,1.99,18:31,9:19,6.44,112.0,42,,,2014-06-16-1829.gpx
2014-06-15 08:02:49,Running,,5.21,32:31,6:15,9.60,286.0,66,,,2014-06-15-0802.gpx
2014-06-12 15:51:34,Running,,3.96,40:06,10:07,5.93,212.0,80,,,2014-06-12-1551.gpx
2014-06-09 18:16:56,Running,,8.03,1:35:35,11:55,5.04,456.0,191,,":)",2014-06-09-1816.gpx
2014-05-26 19:15:00,Running,,0.22,1:42,7:40,7.82,13.0,8,,,2014-05-26-1915.gpx
2014-05-26 18:58:10,Running,,1.32,14:48,11:16,5.33,77.0,29,,,2014-05-26-1858.gpx
2014-05-21 18:13:00,Strength Training,,0.00,40:00,,,170.0,0,,,
2014-05-19 18:39:31,Running,,6.56,50:13,7:39,7.84,376.0,172,,,2014-05-19-1839.gpx
2014-05-18 09:02:14,Walking,,4.76,44:46,9:24,6.38,231.0,65,,,2014-05-18-0902.gpx
2014-05-18 07:00:00,Running,,5.00,30:02,6:00,9.99,263.0,0,,,
2014-05-12 19:00:00,Running,,6.00,50:00,8:20,7.20,265.0,0,,,
2014-05-05 18:30:00,Running,,2.10,12:00,5:43,10.50,110.0,0,,,
2014-05-03 12:01:00,Running,,6.13,38:31,6:17,9.55,255.0,66,,,2014-05-03-1201.gpx
2014-04-29 21:08:17,Running,,1.67,14:39,8:47,6.84,87.0,47,,,2014-04-29-2108.gpx
2014-04-25 21:17:32,Running,,2.67,25:48,9:41,6.20,128.0,40,,,2014-04-25-2117.gpx
2014-04-23 21:45:00,Strength Training,,0.00,30:00,,,128.0,0,,,
2014-04-23 21:00:00,Running,,5.00,35:00,7:00,8.57,272.0,0,,,
2014-04-20 19:10:03,Running,,5.54,42:27,7:40,7.83,285.0,97,,,2014-04-20-1910.gpx
2014-04-15 18:30:00,Strength Training,,0.00,30:00,,,130.0,0,,,
2014-04-13 08:00:00,Running,,5.00,36:00,7:12,8.33,275.0,0,,"Cross run - Taubaté. Sem sinal de  GPS :(",
2014-04-07 21:00:36,Running,,5.85,46:02,7:52,7.63,320.0,96,,,2014-04-07-2100.gpx
2014-04-03 23:03:40,Running,,3.65,22:51,6:16,9.57,197.0,90,,,2014-04-03-2303.gpx
2014-04-03 22:28:04,Running,,2.96,24:32,8:18,7.23,156.0,77,,,2014-04-03-2228.gpx
2014-04-03 22:00:00,Strength Training,,0.00,25:00,,,108.0,0,,,
2014-04-02 22:00:00,Strength Training,,0.00,30:00,,,130.0,0,,,
2014-03-26 22:09:16,Running,,1.31,11:25,8:42,6.90,71.0,36,,,2014-03-26-2209.gpx
2014-03-26 21:42:11,Running,,2.88,23:41,8:13,7.30,153.0,79,,"Gut, sehr gut",2014-03-26-2142.gpx
2014-03-03 20:17:17,Running,,3.47,32:09,9:16,6.48,171.0,42,,"Log for mission 'S1-M1/Jolly Alpha Five Niner' of Zombies, Run!",2014-03-03-2017.gpx
2014-02-26 22:49:41,Running,,1.23,7:43,6:17,9.56,72.0,35,,,2014-02-26-2249.gpx
2014-02-11 00:16:22,Running,,6.46,50:31,7:50,7.67,352.0,162,,"Best pace evet",2014-02-11-0016.gpx
2014-02-06 22:33:29,Running,,6.74,55:07,8:10,7.34,366.0,210,,,2014-02-06-2233.gpx
2014-01-31 22:20:45,Running,,4.58,40:30,8:51,6.78,244.0,162,,,2014-01-31-2220.gpx
2014-01-22 20:22:59,Running,,6.45,51:31,7:59,7.52,356.0,212,,,2014-01-22-2022.gpx
2014-01-18 20:49:24,Skating,,2.15,10:13,4:46,12.60,43.0,29,,,2014-01-18-2049.gpx
2014-01-15 18:25:33,Running,,4.97,48:07,9:41,6.20,251.0,159,,,2014-01-15-1825.gpx
2014-01-11 10:21:09,Running,,4.86,56:48,11:41,5.13,183.0,77,,,2014-01-11-1021.gpx
2014-01-09 22:39:42,Running,,3.26,29:01,8:55,6.73,164.0,105,,,2014-01-09-2239.gpx
2014-01-06 20:42:16,Running,,2.43,27:42,11:26,5.25,99.0,19,,,2014-01-06-2042.gpx
2013-12-22 22:12:15,Running,,5.16,44:50,8:41,6.90,267.0,98,,,2013-12-22-2212.gpx
2013-12-22 22:12:15,Running,,5.16,44:50,8:41,6.90,267.0,98,,,2013-12-22-2212.gpx
2013-12-12 20:56:32,Running,,6.11,43:53,7:11,8.35,340.0,187,,,2013-12-12-2056.gpx
2013-12-11 23:16:58,Running,,3.03,26:17,8:40,6.93,154.0,62,,"Ok",2013-12-11-2316.gpx
2013-12-07 19:28:59,Running,,5.18,47:53,9:15,6.48,267.0,143,,,2013-12-07-1928.gpx
2013-12-05 21:19:04,Running,,3.11,27:23,8:49,6.80,159.0,108,,"Easy",2013-12-05-2119.gpx
2013-12-05 20:51:55,Running,,2.50,21:00,8:24,7.15,134.0,77,,"Fine thnks",2013-12-05-2051.gpx
2013-12-03 17:38:22,Running,,2.06,22:31,10:55,5.50,101.0,46,,,2013-12-03-1738.gpx
2013-12-01 10:53:27,Running,,4.87,38:09,7:50,7.66,259.0,96,,,2013-12-01-1053.gpx
2013-11-27 22:52:02,Running,,4.68,31:28,6:44,8.92,331.0,110,,,2013-11-27-2252.gpx
